title,selftext,score,num_comments,permalink,subreddit
"Comentario de DrivesInCircles","# MOD NOTE: Chill, y'all.  OP is expressing an opinion. It is theirs and they are allowed to have it.   While others, including many of the folks here on r/MentalHealth have a different take on this, it does not mean that I'm going to remove an opinion post that you don't like.   Depression ***does not*** have clear clinical boundaries, and the word gets used in a lot of different ways and a lot of different contexts. Some of them, like Major Depressive Disorder, DO have more clear boundaries, but even then, it's fuzzy, because that's how it works.   OP is allowed to have and share this opinion. Thanks. ",1,0,"https://reddit.com/r/mentalhealth/comments/1swbv9z/if_your_depression_was_cured_by_just_going_to_the/oijw3kb/","mentalhealth"
"Comentario de Alternative-Oil2157","Yeah but somebody could straight up say since you had the energy to do those things while depressed, you aren't even on their level of serious depression where they can't even muster to do anything. This isn't a competition, no 2 persons depression are identical",1228,0,"https://reddit.com/r/mentalhealth/comments/1swbv9z/if_your_depression_was_cured_by_just_going_to_the/oielrfo/","mentalhealth"
"Comentario de jippiex2k","Lol who the fuck feels like depression is something to gatekeep 😅",639,0,"https://reddit.com/r/mentalhealth/comments/1swbv9z/if_your_depression_was_cured_by_just_going_to_the/oievdy2/","mentalhealth"
"Comentario de Fit_Scheme_4368","Well. Everything is a sliding scale so",272,0,"https://reddit.com/r/mentalhealth/comments/1swbv9z/if_your_depression_was_cured_by_just_going_to_the/oieg9g2/","mentalhealth"
"Comentario de LSDMDMA2CBDMT","There's a giant difference between going to the gym and consistently going on very long walks/hikes and getting some serious cardio in. One is great for strength, one is better for overall health. Both is obviously better than either one or the other.  It's been proven time and time again that cardiovascular exercise helps raise dopamine, serotonin and reduces overall stress levels. Strength and impact helps build muscle, improve bone density and increase BDNF. Increased oxygen and bloodflow means your brain gets more nutrients consistently and your heart has to work less to get the same results.  It helps your baseline. It's not a magic cure. It's not going to solve your problems. That's why we have psychiatric care and therapy, which should always be an adjunct to those things for someone with depression.  Depression is a sliding scale. Telling someone they aren't depressed when they feel down for a long time isn't helpful either. Some people are so depressed, just getting out of bed is hard, let alone being able to be functional enough to go to the gym and push themselves.  And frankly, the biggest point of contingency is consistency. I'm not talking about working out for a month or two, or a few months. We're talking about years of dedication. It takes a long time to see results, improve confidence. Improve your baseline.  If nothing else, it gets you out of the house.  Again, this should all be done with medication and find one that works for you. There is help available and it can take a lot of trial and error to get there.",159,0,"https://reddit.com/r/mentalhealth/comments/1swbv9z/if_your_depression_was_cured_by_just_going_to_the/oievh3n/","mentalhealth"
"Comentario de scottyjrules","We’re gatekeeping depression now? Yikes.",135,0,"https://reddit.com/r/mentalhealth/comments/1swbv9z/if_your_depression_was_cured_by_just_going_to_the/oiexeg3/","mentalhealth"
"Comentario de Ok-Form-5771","its not the same for everyone big dawg relax hope you get better but dont shit on other people for no reason",92,0,"https://reddit.com/r/mentalhealth/comments/1swbv9z/if_your_depression_was_cured_by_just_going_to_the/oievvyf/","mentalhealth"
"Comentario de Creation_eater","Yeah. Getting sunlight and working out has made me feel better. But it doesn't just fix depression, it's still there always. I lay in bed one minute thinking about tomorrow, and the next I continplate pushing a knife into my neck because I realize how fucking pointless it is. All that stuff ""helps"" but it's like putting a bandage on a wound it's not fixing the problem it's just making it so no one else sees it.",81,0,"https://reddit.com/r/mentalhealth/comments/1swbv9z/if_your_depression_was_cured_by_just_going_to_the/oieldvd/","mentalhealth"
"Comentario de Noobgoon","According to your logic you weren't depressed as you were able to do stuff unlike some who are depressed are not able to do anything. Depression is not black and white it manifest differently with everyone!",59,0,"https://reddit.com/r/mentalhealth/comments/1swbv9z/if_your_depression_was_cured_by_just_going_to_the/oieyk75/","mentalhealth"
"Comentario de connord90","Definitely don't gatekeep depression... Physical activity is one piece of the puzzle to managing your depression. It won't fix all your problems, but it can be a habit that helps.",47,0,"https://reddit.com/r/mentalhealth/comments/1swbv9z/if_your_depression_was_cured_by_just_going_to_the/oieydll/","mentalhealth"
"Comentario de brockclan216","I didn't know depression was a competition?",44,0,"https://reddit.com/r/mentalhealth/comments/1swbv9z/if_your_depression_was_cured_by_just_going_to_the/oif5c91/","mentalhealth"
"Comentario de mddnaa","Yes they were. I have Major depression, cptsd, autism, adhd, ocd. Going to the gym does help. It's just hard to do when you're depressed. ",46,0,"https://reddit.com/r/mentalhealth/comments/1swbv9z/if_your_depression_was_cured_by_just_going_to_the/oiey663/","mentalhealth"
"Comentario de Char-11","Ehh it helped me. Didnt fix my depression, but i was definitely more depressed in the weeks i stayed inside then the weeks I forced myself to get out.  If depression is drowning then exercise is popping my head above water to take a breath. Doesnt fix the problem but it buys me time and energy to put towards fixing my problems. Importantly though I never tried to exercise my depression away, I did actual therapy work for that(But running regularly did help with giving me mental and emotional energy for therapy during that period)  Of course everyone reacts differently and will have different experiences, but at the very least I think being active will always be a net positive over stillness if its feasible to do.",31,0,"https://reddit.com/r/mentalhealth/comments/1swbv9z/if_your_depression_was_cured_by_just_going_to_the/oiey3zk/","mentalhealth"
"Comentario de Razirra","It seems like everyone has different pieces they’re missing that without them, they stay stuck in depression.   I work in mental health now and am always baffled to see that some people with serious troubles really do improve with exercise and sunlight. Because for them, those were the missing pieces. But they were seriously depressed. After that though, the rest of the work to escape the depression pit came more easily to them.   Some people need years of therapy, some need only to get out of a certain job or relationship and keep the perspective to keep them out of another that’s the same. Most need rest, self compassion, to not believe that there’s one thing that will cure them. More often depression is cyclical and addressing it is a whole mindset shift   My main pieces were reading/writing stories, addressing chronic illnesses, one of those sun lamps, and birth control to stop PMDD. Without them, I’m suicidally depressed. But I also needed therapy and perspective and self compassion and allergy meds to keep me off of spiraling.   Exercise helped a bit but it wasn’t critical for me. Someone harassing me to exercise while depressed became a trauma memory I had to process out.  Figuring out what missing pieces there are and how to navigate life takes time.",18,0,"https://reddit.com/r/mentalhealth/comments/1swbv9z/if_your_depression_was_cured_by_just_going_to_the/oiewov4/","mentalhealth"
"Comentario de ihatemylife2474","Hot take but there’s a difference between being DEPRESSED and HAVING DEPRESSION. One is a MOOD that will go away if you eat well or go to the gym or whatever. DEPRESSION is a mental illness that you can’t just wave away with a picturesque life. It’s like saying OCD or PTSD can be cured by “going outside more”, literally wtf.   Some people say they have depression when really, they were just depressed for a while because of something in their life/stress. Or they were just suffering from burnout. Then, they say going to the gym “cured” them because it alleviated said stress.",19,0,"https://reddit.com/r/mentalhealth/comments/1swbv9z/if_your_depression_was_cured_by_just_going_to_the/oiey9ss/","mentalhealth"
"Comentario de adoptdontshopdoggos","Therapist here, who also suffers from chronic depression and suicidal ideation.  I totally get why the suggestion of going to the gym or spending time outside is annoying to you. It’s annoying to me, too, sometimes. Especially in the throes of a really deep depressive episode.  No, exercising or spending time outside won’t cure you or anyone of depression.  However, moving your body and getting sunlight and fresh air in nature is scientifically proven to *help* lessen depressive symptoms.  Yes, there will be days where the depression is so bad, that the mere thought of doing those things will make it even harder to try to get out of bed.  But they are inherently healthful things that shift the focus off of the depression and on to doing things to show care for yourself and your body. Which can have a cascading effect. And can also have a long-term helpful effect on knowing that you can do things to take care of yourself even when you don’t even possess the will to live.  These healthy habits like exercising and spending time outside/in nature are only part of the equation when it comes to addressing mental health and specifically depression. A good therapist, proper medication from a good psychiatrist, a solid support system, having community, friendships, stable employment, health insurance, access to healthful foods, access to clean drinking water, hygiene practices, stable and safe housing, proper boundary setting, good physical health and/or the ability to afford treatment for chronic health conditions…. These are all basic necessities that factor into one’s ability to manage their mental health. There is not one thing on this list that, by itself, would completely alleviate depression.   Hell, I have *all* of the things on this list and i *still* struggle with deep depressive episodes. It’s the nature of the condition, and it’s a fucking beast. It’s often a lifelong, chronic illness that needs constant effort to battle against. And even when we do everything “r",14,0,"https://reddit.com/r/mentalhealth/comments/1swbv9z/if_your_depression_was_cured_by_just_going_to_the/oifrziv/","mentalhealth"
"Comentario de jmnugent","There is no light-switch 1-click easy fix for depression (or mental health problems). It takes long term, cumulative effort of lots of small changes to your life.   When people say things like:  * exercise  * go get fresh air  * eat healthier  * socialize more (or find hobby groups or interests that get you doing things)  .. they're not saying those things because they think any of them are 1-click easy fixes for depression.   Improving your life,. is a multi-faceted project. It can take months or years (or decades, depending on what you're trying to achieve).   Of course those things won't work if someone has deep chemical imbalance problems or profoundly intense mental health issues (like schizophrenia, or other dissociative type issues. etc). Exercise and a salad won't fix that.   But any small improvement you can make, is another step in the right direction. For example, cleaning up your nutrition and eating healthy food, is still better than trying to survive on Mtn Dew and Mcdonalds every day.   Your body (and brain) are machines. If you want the optimum chances of that machine working as best it can.. you have to feed it high quality fuel and do regular maintenance (stretching, exercise, etc)",12,0,"https://reddit.com/r/mentalhealth/comments/1swbv9z/if_your_depression_was_cured_by_just_going_to_the/oif2txf/","mentalhealth"
"Comentario de IDontBelong_8","I hate this so much  My sister used to always say; You need discipline.  You just need to get up and do it.   And my mother says working out will make me happier. Honestly, I do feel better after working out, but I'm still in the same situation, the same mindset and same environment.   And this just makes me so angry, they just don't understand if they haven't been there. ",12,0,"https://reddit.com/r/mentalhealth/comments/1swbv9z/if_your_depression_was_cured_by_just_going_to_the/oiemaf5/","mentalhealth"
"Comentario de SaveHogwarts","Gate keeping depression in 2026  Gotta love the projection ",11,0,"https://reddit.com/r/mentalhealth/comments/1swbv9z/if_your_depression_was_cured_by_just_going_to_the/oif6nec/","mentalhealth"
"Comentario de pieman2005","Stupid post. I've had depression all my life and the best I've ever felt was when I was hitting the gym consistently   Problem is I've fallen off and my depression makes it hard to get back in the gym consistently ",8,0,"https://reddit.com/r/mentalhealth/comments/1swbv9z/if_your_depression_was_cured_by_just_going_to_the/oifby6w/","mentalhealth"
"Comentario de RazyRascal","But it might help somebody else 🤷🏽‍♀️ ",9,0,"https://reddit.com/r/mentalhealth/comments/1swbv9z/if_your_depression_was_cured_by_just_going_to_the/oifno4s/","mentalhealth"
"Comentario de Good-Concentrate-260","I’m not saying that therapy or medication don’t work, people should use them, but also the reaction that sunlight, exercise and other things don’t help is kind of weird. People should do whatever helps them, usually a combination of things. ",6,0,"https://reddit.com/r/mentalhealth/comments/1swbv9z/if_your_depression_was_cured_by_just_going_to_the/oiewp5l/","mentalhealth"
"Comentario de Senpai_11_","Recently, i had a long depressive episode where i was constantly crying and was full of hopelessness.... everything looked dull and meaningless.....but i noticed that when i went to cycle one day.....there was a 15 to 20 minute window where i could think very clearly and so many things that didn't make sense suddenly clicked as i was able to think without the depressive filter. So i have made it a rule to cycle everyday just to chase that dopamine and clarity. My point is exercising helps lessen the symptoms of depression in my case....and of course I am not saying that exercise cures it....but definitely helps.",8,0,"https://reddit.com/r/mentalhealth/comments/1swbv9z/if_your_depression_was_cured_by_just_going_to_the/oiffo56/","mentalhealth"
"Comentario de anxious_spacecadetH","I hate those ""guess im cured now"" type comments. But it is true they do help. Depression can come from many sources and im happy when someone is able to find the thing that helps them. If someone is depressed all the time because they have severely low vitamin D and they resolve that and never have depression again im happy. My depression went away for the most part with a combination of adhd medication, therapy, improved finances, and distance from my family. I still struggle from time to time but its nowhere what it was when I was younger. Fuck the people that want to simplify it like it isnt work and trial and error. But it is worth a try to see what works for you. ",5,0,"https://reddit.com/r/mentalhealth/comments/1swbv9z/if_your_depression_was_cured_by_just_going_to_the/oiexf3f/","mentalhealth"
"Comentario de Mountain_Day_1637","I won’t say cured but it definitely helps with symptoms ",5,0,"https://reddit.com/r/mentalhealth/comments/1swbv9z/if_your_depression_was_cured_by_just_going_to_the/oifi4go/","mentalhealth"
"Comentario de Omomon","I've been depressed for a huge chunk of my life. Going to the gym doesn't cure my depression, but it helps a little bit. Mainly because therapy or medication didn't  really help me.",4,0,"https://reddit.com/r/mentalhealth/comments/1swbv9z/if_your_depression_was_cured_by_just_going_to_the/oif0tuy/","mentalhealth"
"Comentario de Gatorrea","By minimizing their depression you're doing what most people do to depressed people and is to underestimate them. Some people are severely depressed while others are just depressed. Good for them that were able to feel better after getting some sun and exercise. Not everyone have the same needs. ",5,0,"https://reddit.com/r/mentalhealth/comments/1swbv9z/if_your_depression_was_cured_by_just_going_to_the/oif4t1j/","mentalhealth"
"Comentario de moleculariant","I don't feel that gatekeeping mental struggles is a healthy or helpful pursuit, no matter what area of the spectrum of mental struggles you find yourself in.   If you are depressed, then that stands. Being forced to qualify it only exacerbates the issue. If exertion and sunlight is the remedy for your particular affliction, then so be it, and good for you. We should cheer one another on. If it isn't, then discounting the methods of others isn't going to hasten your recovery.  Let's agree, as adults, here and now, to leave everyone's process to their own. At least here in r/mentalhealth, a place to where people turn for support, and not judgement. ",4,0,"https://reddit.com/r/mentalhealth/comments/1swbv9z/if_your_depression_was_cured_by_just_going_to_the/oifoojo/","mentalhealth"
"Comentario de Betray-Julia","I appreciate your frustration and get that there will always be bad faith turds in anything, doing dumb shit like faking mental illness and/or telling you to walk on that broken leg and you’ll be fine.   But please don’t confuse that with the fact that getting sunlight, going to the gym and eating healthy is the literal difference between being able to be “functionally” mentally ill or not for sooo many people.   I’m bipolar, I do meds and therapy, but the difference between me being functional to the point I don’t atrophy via bed rot is literally the difference between taking care of my body or not; eating right and being physically active or not is the difference between me being a functional human or not.   Where in the context of bipolar- we can literally forget to eat whilst manic, and have to learn to regulate that issue ourselves. Which often turn starts out as just being able to realize we feel faint and dizzy bc we’ve just forgetting to eat for the last 3 days. But there’s lots of mental illness like this.   Like I get the intent of what your saying, and am guess being a buzzkill/turd for feeling the need to point out that maybe there’s a way for you to articulate your valid frustration without disenfranchising all of those who this works for; my mental illness is very fucking real lol. (But again- I get your not really meaning it like this so no worries, and yes humans suck)",3,0,"https://reddit.com/r/mentalhealth/comments/1swbv9z/if_your_depression_was_cured_by_just_going_to_the/oifchq5/","mentalhealth"
"Comentario de tophlerone","I struggle with chronic depression, too. It's unrelenting and so lonely. There is hope for improvement though and I think part of that is retaining how we think about things like exercise.   Because most of the time, people who are depressed are very unmotivated and low energy, it's very hard for people who've never experienced depression to conceptualize it. They understand sadness, grief, and hopelessness, but for menu people, taking the right actions makes them feel better. With depression there's a brain structure/activity problem that will prevent us from enjoying things that we genuinely like.   Regular exercise, especially resistance training of the lower body (like squats and deadlifts) result in an increase of Brain Derived Neurotrophic Factor, which is one of several organic compounds that support neural function and plasticity.  Depression, especially chronic depression, is a condition that, when long lasting, more or less conditions your brain to be prone to bad moods, negative thought patterns, etc.  From a physiological perspective, you might need to activate neuroplasticity in order to consistently support better moods. It's not that exercise will erase your symptoms, but it's one thing that can support your brain's ability to change.  Other behaviors that can help with this is learning something new, like a new language or instrument, mindfulness meditation, increasing social interaction. Even your diet will affect this.   That is to say that none of these things will necessarily improve your mood and certainly none of them alone, but doing as many of these as possible do greatly contribute to the conditions your body needs to grow or heal it's way out of chronic depression.  I personally approach my depression with as wide a net as possible, within my level of tolerance to not get burnt out. I've been improving over 20 years, but I still struggle and continue to find ways to feel better or view my life more positively.   I guess this can sound contr",3,0,"https://reddit.com/r/mentalhealth/comments/1swbv9z/if_your_depression_was_cured_by_just_going_to_the/oigfum4/","mentalhealth"
"Comentario de Which-Article-2467","Why do you feel the need to fucking gatekeep depression? Do you think other dont deserve to have depression or what?  When i was severely depressed last time forcing myself to the gym helped a lot. And it wasnt fucking easy. But it helped. This time i cant get myself to do it. doesnt mean its that way for everyone, always.",3,0,"https://reddit.com/r/mentalhealth/comments/1swbv9z/if_your_depression_was_cured_by_just_going_to_the/oiiurbf/","mentalhealth"
"Comentario de Realistic_Trouble_37","I cry after workouts. I cry before them. I cry in the sunlight on the beach. I feel sad with my friends. I feel sad after spending time with family. I feel worse alone.   To me exercise is just… a temporary distraction.   I honestly get what you mean OP. I wish I could meet someone in my life who relates to this feeling of just… useless endeavors.   I’m 20, I was diagnosed with bipolar when I was 18. I just don’t think my brain does what it’s supposed to.   The only solace I have is knowing that my depressive episodes will end. But while I’m in them I don’t know how long they’ll last. ",3,0,"https://reddit.com/r/mentalhealth/comments/1swbv9z/if_your_depression_was_cured_by_just_going_to_the/oimu8md/","mentalhealth"
"Comentario de Decent_Confession119","I mean no not really. Depression is a collection of symptoms and becomes an episode when it lasts for 2 weeks or more. So someone could experience that and still have an MD episode/MDD diagnosis and then have it mostly alleviate with exercise, diet changes, and sunlight. It doesn't mean they weren't depressed, it just means they don't necessarily have chronic unipolar or bipolar depression that is usually resistant to those alterations. I'm not saying they are equivalent, obviously those of us with chronic depression (or bipolar in my case) would love to just exercise, eat better, and socialize and feel better, but it doesn't mean they aren't struggling during those periods, it just means the underlying cause of the depression is probably different and they luckily have a solution. Many of us with depression don't have that fix unfortunately. All that said, it's not a competition, we all struggle in our own ways. I know it's hard to see people have an easier way out, trust me, I get that. It's important to recognize a variety of experiences, but elitism or exclusion when it comes to mental health from any direction is not helpful. ",2,0,"https://reddit.com/r/mentalhealth/comments/1swbv9z/if_your_depression_was_cured_by_just_going_to_the/oiewa33/","mentalhealth"
"Comentario de Go-go-gone-gone","I think depression would probably be better categorized as multiple separate disorders.   But for my variant of it, and in my experience, no one thing has fixed it. What has worked is gradual changes, over time, that lead to me having healthier perceptions of myself and making better choices. Self care is a part of this.   But it is not the case that I can eat healthy for a month and feel better. Or go to the gym and suddenly be cured. What DOES happen is that I notice a temporary mood lift and learn it is possible for me to feel good. Maybe it’s a small perception change in the moment, but over time it adds up. And I start to believe in it and do things differently  I think it’s a chicken and egg thing as far as what made it start to happen. I don’t know what caused what. But when I started to care about myself a little more, I started to take care of myself a little more. Which came first? I don’t know. How can I trigger it? I don’t know. But one built upon the other and had  an impact over time.   By over time I mean over years of time.   No it will not cure me or you. Healing takes time. And it is not a disciple or a “you should” kind of thing. That doesn’t work. It causes one to feel worse. So I am not sure how to say to get started. Maybe just an intention or a small wish.   This is my experience only. Everyone is so different. I don’t know whether my path would be similar to yours or anyone’s.   Am hoping you’ll be able to experience some relief however it comes. ",2,0,"https://reddit.com/r/mentalhealth/comments/1swbv9z/if_your_depression_was_cured_by_just_going_to_the/oieydhz/","mentalhealth"
"Comentario de Comfortable-Ebb6719","Well it hasn't cured it, but at times it's better. ",2,0,"https://reddit.com/r/mentalhealth/comments/1swbv9z/if_your_depression_was_cured_by_just_going_to_the/oif2mf3/","mentalhealth"
"Comentario de AlissonHarlan","i guess depression come in different form and level, and sometimes it's mandatory to change something about your life to get better.    But yes i also don't believe that sun and gym can cure a severely depressed person (like how could you even want to go to the gym or outside and have the energy to do it...) ",2,0,"https://reddit.com/r/mentalhealth/comments/1swbv9z/if_your_depression_was_cured_by_just_going_to_the/oif3tw0/","mentalhealth"
"Comentario de sad_ant0808","look ppl say it helps which idk it might help for some ppl, but ur right in the sense that a few activites wont cure a disease.",2,0,"https://reddit.com/r/mentalhealth/comments/1swbv9z/if_your_depression_was_cured_by_just_going_to_the/oif5bh5/","mentalhealth"
"Comentario de Fiji_Water_airplay","No one said it cures you, it’s just a way to deal with it ",2,0,"https://reddit.com/r/mentalhealth/comments/1swbv9z/if_your_depression_was_cured_by_just_going_to_the/oif63x8/","mentalhealth"
"Comentario de Golden_Willow2003","you can’t cure a mood disorder so i guess bro",2,0,"https://reddit.com/r/mentalhealth/comments/1swbv9z/if_your_depression_was_cured_by_just_going_to_the/oif68jl/","mentalhealth"
"Comentario de SparklingSloths","Well it sure can help depression. ",2,0,"https://reddit.com/r/mentalhealth/comments/1swbv9z/if_your_depression_was_cured_by_just_going_to_the/oif6aqn/","mentalhealth"
"Comentario de Gloomy_CookieCutter","Reading this I can see that you’re hurt, and I completely understand how certain comments like “just go to the gym” can be really harmful when you’re dealing with something so deep. However, depression is incredibly personal and nuanced, it doesn’t behave the same way for everyone and therefore, isn’t treated the same.  Personally, when I began taking better care of myself I certainly felt better. Whether it was going outside and seeing people or just getting a solid amount of sleep, it makes a change if you want it to make a change. It’s also an attitude thing, in my opinion at-least, if you truly believe that those things can’t help you, then they won’t. None of those things can cure you, tbh I don’t even think depression can be ever cured, it’s just how you decide to live with it. ",2,0,"https://reddit.com/r/mentalhealth/comments/1swbv9z/if_your_depression_was_cured_by_just_going_to_the/oif82rs/","mentalhealth"
"Comentario de MaurokNC","Say it again for those in the back rows!! I became partially disabled back in 2006 and then fully disabled in 2015 and had my first grippy sock vacay after an SI attempt in 2018. I couldn’t even begin to count the number of people who told me to just get more exercise, go for a walk, hit the gym, etc. in order to ‘brighten up my outlook’. I mean, I’ve been a chronic pain patient since 2006 but by 2015, I just gold push through anymore to keep working. My spine is so fubared and honestly, as I sit here right now typing this, I’m doing so with a cervical collar on as I just had my 4th spinal surgery on Thursday. So yeah, lemme just bounce right on up out of this recliner and go for a jog…. SMDH 😠 ",2,0,"https://reddit.com/r/mentalhealth/comments/1swbv9z/if_your_depression_was_cured_by_just_going_to_the/oif88a8/","mentalhealth"
"Comentario de SalsaSamba","Very bad take. Some people had it bad and got better. Their advice can help some people. But because jt didnt help you it mustn't have been a true depression. What the fuck man. Spread love and positivity.  Im sorry it sucks for you and you havent gotten through it, but life isnt a battle of who has it worse. You are not lazy nor have you ever been lazy. You are suffering and in a bad space and need more to overcome it, no shame in that",2,0,"https://reddit.com/r/mentalhealth/comments/1swbv9z/if_your_depression_was_cured_by_just_going_to_the/oifa3ux/","mentalhealth"
"Comentario de KKingKandi","Im gonna be 100% from one human to another. Acid. It isnt sun, it isnt the gym, its LSD. Tread lightly ",2,0,"https://reddit.com/r/mentalhealth/comments/1swbv9z/if_your_depression_was_cured_by_just_going_to_the/oifbpne/","mentalhealth"
"Comentario de 7803throwaway","So what’s the solution then? Bed rot and up the meds? ",2,0,"https://reddit.com/r/mentalhealth/comments/1swbv9z/if_your_depression_was_cured_by_just_going_to_the/oifd30f/","mentalhealth"
"Comentario de Jipsiville","Expectations are a premeditated resentment. ",2,0,"https://reddit.com/r/mentalhealth/comments/1swbv9z/if_your_depression_was_cured_by_just_going_to_the/oiffjo9/","mentalhealth"
"Comentario de TheBlackRose312","Wtf are these comments?",2,0,"https://reddit.com/r/mentalhealth/comments/1swbv9z/if_your_depression_was_cured_by_just_going_to_the/oifnw66/","mentalhealth"
"Comentario de randomizme3","Just want to add that depression the illness is different from depressed the emotion. Everyone experiences the latter, and it is very much possible for those feeling depressed to feel better from going out and doing activities. Depression is a condition that is diagnosed by a doctor. ",2,0,"https://reddit.com/r/mentalhealth/comments/1swbv9z/if_your_depression_was_cured_by_just_going_to_the/oifosbj/","mentalhealth"
"Comentario de Ratgar138","We gate keeping depression now",2,0,"https://reddit.com/r/mentalhealth/comments/1swbv9z/if_your_depression_was_cured_by_just_going_to_the/oifqtr2/","mentalhealth"
"Comentario de No_Explanation3481","nothing fixes depression except figuring out why your central nervous system is so out of line with your current life situation.  but either way - what excerxise does is allow your heart to pump blood to your brain and relieve a lot more of those angry depression neurotransmitters, than just sitting with your angry central nervous system and not exercising, would do.",2,0,"https://reddit.com/r/mentalhealth/comments/1swbv9z/if_your_depression_was_cured_by_just_going_to_the/oifrobh/","mentalhealth"
"Comentario de Quiet_Lunch_1300","In some countries, they prescribe exercise first before meds. There’s science supporting this.   There are different degrees of depression. I have had depression my whole life and no, exercise did not fix it. But I am just one person.  Check out John Ratey’s book “Spark”. ",2,0,"https://reddit.com/r/mentalhealth/comments/1swbv9z/if_your_depression_was_cured_by_just_going_to_the/oifrrnd/","mentalhealth"
"Comentario de jibbleton","It keeps you above water till you do get better, if you can even do them. I saw every small thing as a small percentage toward normal functioning. Diet 10-15, sunlight 10, running + outdoors 20-30. That only brings you to fifty. The rest is different for everyone and can take a while. 15 years of depression and severe mental illness, I genuinely would not have believed back then that I would forget what it's like to be depressed. I have been happy for so long, there isn't actually a way for me to communicate properly on the same level as most people who are suffering mental illness. Volunteered with the samaritans for two years, a mental health listening charity, and most calls just felt like I was listening in on very old dream. I just hope you make it to where I am one day. ",2,0,"https://reddit.com/r/mentalhealth/comments/1swbv9z/if_your_depression_was_cured_by_just_going_to_the/oifthh5/","mentalhealth"
"Comentario de BoldOneKenobi69","Ahhh yes, the oppression Olympics. My two 5150’s would like to have a word with you.   Imagine having envy because others can treat their depression in an easier fashion than you? It’s like those people who bitched about other’s student loans being forgiven. Just because it doesn’t apply to you doesn’t mean their circumstance is any more or less valid. This is the exact same mentality. Please please please just be thankful that others are getting the help they need as the more people get help, the more understanding society as a whole will be more understanding to those with more severe depression that cannot be treated with other types of care other than meds and therapy and all that. I’ve done all of that and the gym. And the help has helped me tremendously. Maybe you should also try it.  If I’m gonna be depressed, at least I’m not fat or ugly when I’m already miserable. One less thing to be sad or concern about. Hope you the best of luck but seriously consider that your depression is mutuality exclusive to you, but you’re not the only one suffering with depression. ",2,0,"https://reddit.com/r/mentalhealth/comments/1swbv9z/if_your_depression_was_cured_by_just_going_to_the/oifvanb/","mentalhealth"
"Comentario de DMayleeRevengeReveng","Yeah, I’m sick of people who had some mild, marginal case that probably shouldn’t be diagnosed acting like they understand.  It’s important to recognize a spectrum concept of depression. There are relatively minor presentations, which transition ultimately into things like anhedonia or bipolar depression at the opposite end of ",2,0,"https://reddit.com/r/mentalhealth/comments/1swbv9z/if_your_depression_was_cured_by_just_going_to_the/oigsoy4/","mentalhealth"
"Comentario de MrTattooMann","Off topic but I actually get more anxious on sunny day’s. I feel far better when it’s cloudy, grey and overcast. ",2,0,"https://reddit.com/r/mentalhealth/comments/1swbv9z/if_your_depression_was_cured_by_just_going_to_the/oigu60j/","mentalhealth"
"Comentario de Emotional_Standard76","I tried just about everything",2,0,"https://reddit.com/r/mentalhealth/comments/1swbv9z/if_your_depression_was_cured_by_just_going_to_the/oih3fuz/","mentalhealth"
"Comentario de IridescentHare","Weird that you cross posted this 3 times.",2,0,"https://reddit.com/r/mentalhealth/comments/1swbv9z/if_your_depression_was_cured_by_just_going_to_the/oih9d7r/","mentalhealth"
"Comentario de _n3ss4_","Melhor se curar com sol e exercícios que se entupir de remédios. Médicos indicam tomar sol e ir p academia para se tratar. Quem tem depressão sabe o desafio que é imaginar sequer levantar da cama. Então se conseguir fazer essas coisas ela está se tratando sim.",2,0,"https://reddit.com/r/mentalhealth/comments/1swbv9z/if_your_depression_was_cured_by_just_going_to_the/oihauq1/","mentalhealth"
"Comentario de jpgjordan","the ""on average 1 in 20 people have depression""  factoid is actualy just statistical error. the average person is never really depressed. Depres Georg, who lives in cave &amp; and has 1,000,000,000 depression, is an outlier adn should not have been counted",2,0,"https://reddit.com/r/mentalhealth/comments/1swbv9z/if_your_depression_was_cured_by_just_going_to_the/oiihwb3/","mentalhealth"
"Comentario de Redhaired103","This is like saying “if you didn’t get intubated, you didn’t really have pneumonia.”  I’m sorry your depression is severe. And I really understand hearing as if depression always has a simple fix is super annoying and ignorant, I feel the same way about people’s response to anxiety disorder.  But there is no reason to dismiss other people’s suffering. ",2,0,"https://reddit.com/r/mentalhealth/comments/1swbv9z/if_your_depression_was_cured_by_just_going_to_the/oiiz4c7/","mentalhealth"
"Comentario de Stephi87","Depression isn’t a one size fits all, I get what you’re saying, but depression is defined as “a common serious mental health disorder characterized by a persistent low mood, loss of interest in activities, and feelings of sadness, worthlessness, or hopelessness lasting at least 2 weeks” so that’s a pretty big spectrum of people.   Depression can be caused for so many reasons, such as an undiagnosed disorder, a chemical imbalance in the brain, vitamin imbalances, hormone imbalances, trauma, unstable home or family life, stress, loneliness, poverty, and the list goes on. It can also be caused by a combination of any of the reasons I just mentioned. There are obviously different treatments/solutions or medications that can help depending on what is causing a particular persons depression.  Hormonal and chemical imbalances if mild enough, can be helped with exercise, sunlight, and eating a balanced diet/taking vitamins to fill in gaps in nutrition. It might not fix it completely, but can improve the severity of it. If depression is caused by another factor though, such as undiagnosed ADHD or bipolar disorder, trauma, unstable home life, etc. then just diet, exercise and sunlight won’t cut it, and therapy and/or meds might be needed.   I’ve struggled off and on with depression most of my life, and one of the biggest causes was my undiagnosed ADHD, I was finally diagnosed a few years ago at 34 years old. Since ADHD causes chemical imbalances in the brain, exercise is helpful for me, but it doesn’t fix my issue, I tried different antidepressants and anti-anxiety meds over the years, exercise, therapy, and none of those things helped as much as Vyvanse does since that’s specifically for ADHD and increases the dopamine and norepinephrine that I lack. However, I feel like eating healthy, staying hydrated and exercising is also necessary for me, and just taking Vyvanse alone isn’t enough.   Anyway, I’m sorry for the super long comment, and I hope that you’re doing better now ❤",2,0,"https://reddit.com/r/mentalhealth/comments/1swbv9z/if_your_depression_was_cured_by_just_going_to_the/oik1jau/","mentalhealth"
"Comentario de insufficient_nvram","Eh. How about we not gatekeep mental illness? It really can attach a lot of guilt and shame to people. I grew up very wealthy and despite multiple s______e attempts, I felt I had it too good to be depressed. ",2,0,"https://reddit.com/r/mentalhealth/comments/1swbv9z/if_your_depression_was_cured_by_just_going_to_the/oik4kj8/","mentalhealth"
"Comentario de atrophy-of-sanity","Why are you gatekeeping depression? If they found something that helps them that doesnt mean they werent depressed",2,0,"https://reddit.com/r/mentalhealth/comments/1swbv9z/if_your_depression_was_cured_by_just_going_to_the/oik9z8f/","mentalhealth"
"Comentario de ChompyRiley","this isn't a competition. everyone suffers differently.",2,0,"https://reddit.com/r/mentalhealth/comments/1swbv9z/if_your_depression_was_cured_by_just_going_to_the/oikfus0/","mentalhealth"
"Comentario de saraseitor","Yes I agree. I dislike the simplistic notion that just exercising will make your issues fade away. In my particular case no amount of improvement through exercise can counteract my runaway mind reminding me of every single bad sports-related experience and the fact that ""this just isn't me"" and ""what the hell am I doing here?"" when I see other people in great shape around me",2,0,"https://reddit.com/r/mentalhealth/comments/1swbv9z/if_your_depression_was_cured_by_just_going_to_the/oikj8fd/","mentalhealth"
"Comentario de Impressive-Age7703","Dude, no, like, actually. The psychiatrist I've been seeing since I was discharged from the mental hospital for suicide, every single appointment it's like ""has your mood worsened?"" ""No."" ""Does it feel like your meds are working?"" ""Yes."" ""How often are you going to therapy?"" ""Every 2 weeks."" ""Okay. Now I want you to make sure you go outside, go for walks, feel the sun on your skin, get some good vitamin D, it's good for you! And I'll see you in 1 (or) 3 months."" Whole appointment takes 10 minutes with the most worthless advice.  Literally. Every, single, time. Like 1. You're just here to prescribe medication but 2. Literally the only lifestyle advice you have is to go outside... Thanks, I'm cured. This last time she also advised me to go to therapy less, to once a month, that she wants me to develop more self coping mechanisms and not become too reliant on therapy. Like are you serious?? You are not a therapist and you don't even know where I am with my treatment (I confirmed with my therapist, she has never talked to her). I asked my therapist how I can get to stop seeing her because I just really don't feel like she's been beneficial at all and she's advised me to try asking for 6 month appointments. I've read about it online as well that you try to space them out further and further until you get to 1 year appointments and then you can maybe discontinue treatment with them.  But it's just maddening to me that this stupid basic holistic advice has any kind of foothold in actual psychiatric treatment. Like if it was that easy I wouldn't be here seeing any of you professionals in the first place. Even when I was outside hunting bugs for 8 hours a day I still had significant mental health issues. It's not a goddamn cure. Can it help? Sure. But it's like saying chamomile tea can sedate someone for surgery. It's just flat out ridiculous. Everything has varying levels of efficacy and sunlight is not a replacement for medication or therapy.",2,0,"https://reddit.com/r/mentalhealth/comments/1swbv9z/if_your_depression_was_cured_by_just_going_to_the/oiouu2n/","mentalhealth"
"Comentario de Inner_Arm_7104","Can you identify the cause of your depression ?  and go to a therapy I'm not calling you crazy or anything but a therapy will hear from you better than anyone, BELIEVE ME when you open up about your feelings will 100% trust and confidence and it will help you a lot",2,0,"https://reddit.com/r/mentalhealth/comments/1swbv9z/if_your_depression_was_cured_by_just_going_to_the/oip9cv5/","mentalhealth"
"Comentario de crazy-cool-99","Tldr: Did all the ""healthy"" things when I was at my worst, didn't change the depression, SI or Sh. Helped as an outlet, was most definitely NOT a cure. Have a friend who up to a year ago _swore_ those things would 100% make my depression go away cause they ""cured him"". He got depressed soon after (breakup) &amp;yeah, his narrative changed _fast_ (quickly figured he wasn't depressed the prior times). Hate to see him suffer but gosh, how I wish I could say ""told you so""  ____  Same, when I was at my worst, I did all of those things. Sports 5-7x/week, ate healthy (tho I slipped into orthorexia at some point), had plenty of other hobbies, went outside, socialized etc. Did allll the things you're supposed to do. Still struggled a lot with suicidal ideation, self harm and the depression itself. Sports saved me cause it was an outlet for my emotions, but it did NOT cure anything at all.  Fast forward to last year: Had a friend who always claimed I just had to get outside, do sports, eat healthy and I'd be cured cause ""he did that and now he feels amazing"" - that was when I was an adult and the functionality I experienced while first struggling with depression had dissappeared. a) I knew from my teens that it's not a cure, just a help and b) I couldn't even fathom doing sports at that time  Until he started to struggle with depression too after a breakup and even tho I hate seeing him suffer: his narrative/the way he talks about depression changed reallll quick. Watched his entire view of depression &amp;mental illness change in a landslide. He could still do sports but now depression wa ""the worst thing that can ever happen to anyone"" (""nothing helps, not even sports! I go outside, I meet people, why didn't it help?""). He quickly figured he definitely hadn't experienced depression before, just ""I mean I wasn't feeling good, but... THIS?? This is different"". Ofc I'd never say that but _oh boy_, how I wish I could've said ""told you so""...",2,0,"https://reddit.com/r/mentalhealth/comments/1swbv9z/if_your_depression_was_cured_by_just_going_to_the/oiq4el0/","mentalhealth"
"Comentario de Every_External7122","Valid point because people who go to the gym, still struggle with body dysmorphia, and eating disorders. People who get sunlight might get the extra vitamins, but they still have to be cautious of getting too exposed otherwise they get skin cancer or sunburn. and if things like that can cure depression, then we all wouldn’t be on antidepressants or mood stabilizers and therapists wouldn’t exist.",2,0,"https://reddit.com/r/mentalhealth/comments/1swbv9z/if_your_depression_was_cured_by_just_going_to_the/oiql8bw/","mentalhealth"
"Comentario de Strong_Patience_2805","that is true. i also hate when people try to trivialize your struggles by giving one-line solutions like ""just work bro"", ""are you praying regularly?"", ""you need to eat healthy"" blah blah. bullshit",2,0,"https://reddit.com/r/mentalhealth/comments/1swbv9z/if_your_depression_was_cured_by_just_going_to_the/oiqn0w2/","mentalhealth"
"Comentario de anonGhost222","Taking care of your physical needs (i.e. sunlight, fresh air, moving your body, etc.) can definitely help reduce depression in conjuction with medical treatment (therapy, meds), because a holistic approach approach is often more effective than strictly a clinical one, but that is often misconstrued as ""just do x and y and you'll be cured!!"" Which is totally innacurate and unhelpful. ",2,0,"https://reddit.com/r/mentalhealth/comments/1swbv9z/if_your_depression_was_cured_by_just_going_to_the/oivacbt/","mentalhealth"
"Comentario de Chosen_116","I agree with you. I have a theory about this, but please take it as it was intended, with love and a desire to help.  In my experience there are two ways of self improvement that are relevant here: doing something with the expectation that it will help and just doing it.  Let me bring up my example: one time I sat down to paint, it made me feel better and I had a good day. For the next week whenever I was feeling down I put myself down to paint and it made me feel worse, because I was expecting it to make me feel better and the conscious monitoring took away the enjoyment. So I stopped painting. Then a few weeks later I sat down to paint and it made me feel better once again.  So far I have done this, this year, with: painting, journaling, taking a walk, tv shows, crocheting, spending time with people, meditation, studying, cleaning, music and probably others that don't come to mind.  The conclusion I have come to is that I have to stop doing things with the expectation that it will make me feel better, because it won't. And all the advice of ""just do (this) or just do (that)"" is bullshit, for this exact reason.  My current working solution to this is keep my mind in the now and to ask myself ""what is it that I want to do?"", keep my thoughts positive and daydream, without shaming myself about not doing it if I don't have the energy.   But the most helpful thing so far has been not stopping myself if I want to begin doing something or when I'm doing something that I love, just because I'm doing it slowly, imperfectly or I'm just not doing what I'm supposed to (and I can always stop when I'm overwhelmed, want to do something else instead, or just don't feel like doing anything). Sometimes just taking a nap can be a win.  So, here's what I hope you take from my comment: there's no magical solution, just because something isn't working, doesn't mean that it won't get better. Be patient with yourself and let go of shame.   If all you can do is lay in bed, it's okay. If y",2,0,"https://reddit.com/r/mentalhealth/comments/1swbv9z/if_your_depression_was_cured_by_just_going_to_the/ojjejto/","mentalhealth"
"Comentario de Desperate_Lime_443","You're frustrated because people assume depression looks the same for everyone. It doesn't. A carefully manicured veneer is often the most unstable person inside. I get you.",2,0,"https://reddit.com/r/mentalhealth/comments/1swbv9z/if_your_depression_was_cured_by_just_going_to_the/ojq04ug/","mentalhealth"
"Comentario de healthy-hulk","I’m really sorry you went through that it sounds exhausting and invalidating to be doing everything “right” and still not feel okay. Depression isn’t something you can just fix with a checklist, and people often don’t realize how complex it really is. What you experienced is real, and you deserved proper support, not assumptions. I hope you’re able to find someone who listens and understands, whether that’s a therapist, friend, or community. You’re not alone in feeling this way, even if it seems like it sometimes.",2,0,"https://reddit.com/r/mentalhealth/comments/1swbv9z/if_your_depression_was_cured_by_just_going_to_the/ok3z5ls/","mentalhealth"
"Comentario de AutoModerator","**Hello u/!**  Thank you for using a content warning.   --- **If you are in immediate crisis:** - Visit [Find A Helpline](https://findahelpline.com/i/iasp) for local hotline info. - Check [Hotline FAQs](https://www.reddit.com/r/SuicideWatch/wiki/hotline_faqs/) for guidance. - Consider posting on r/suicidewatch or messaging their moderators [HERE](http://www.reddit.com/message/compose?to=%2Fr%2FSuicideWatch).  --- **For suicidal thoughts or self-harm:** - [HelpGuide](https://www.helpguide.org/articles/suicide-prevention/are-you-feeling-suicidal.htm) offers coping tips. - You are not alone – see personal stories on YouTube. - Practice grounding exercises or listen to your favorite music. - Refer to [Find A Helpline](https://findahelpline.com/i/iasp) for more resources.  **Take care and stay safe!**   *I am a bot, and this action was performed automatically. Please [contact the moderators of this subreddit](/message/compose/?to=/r/mentalhealth) if you have any questions or concerns.*",1,0,"https://reddit.com/r/mentalhealth/comments/1swbv9z/if_your_depression_was_cured_by_just_going_to_the/oiee184/","mentalhealth"
"Comentario de notadragon1111","I agree with you. Gym isn't some magical cure for depression 😑",2,0,"https://reddit.com/r/mentalhealth/comments/1swbv9z/if_your_depression_was_cured_by_just_going_to_the/oiesfxb/","mentalhealth"
"Comentario de Tall_Cow2299","OMG you know what? Every single fucking person will experience *real* depression in their own way. What works for one person might work for this person but it won't work for that person. I don't know who the fuck you think you are to sit here and tell someone they didn't have real depression because something worked for them when it didn't for you.    The thing that makes it worse for people who actually go through depression are people like you. You sit here and negate, downplay, and invalidate what they went through because to you they don't fit in the mold you think depression should look like and and now you decided to become gatekeeper of depression. Keep your opinions to yourself. They aren't doing any good for anyone and in fact you're probably making it worse ",1,0,"https://reddit.com/r/mentalhealth/comments/1swbv9z/if_your_depression_was_cured_by_just_going_to_the/oif5mdt/","mentalhealth"
"Comentario de ravenpri","I could just have high functioning depression? Lol this is a bs take",1,0,"https://reddit.com/r/mentalhealth/comments/1swbv9z/if_your_depression_was_cured_by_just_going_to_the/oif8f07/","mentalhealth"
"Comentario de RelianaPhoenix","I’ve heard „this helps“ so many times and I tried it... but it only made me quieter.",1,0,"https://reddit.com/r/mentalhealth/comments/1swbv9z/if_your_depression_was_cured_by_just_going_to_the/oifcc0c/","mentalhealth"
"Comentario de TinyHeartSyndrome","I get what you are saying. Others don’t seem to. Basic White Chicks on TikTok are self-diagnosing with ADHD, autism, depression, etc. when they have only a few number of mild symptoms. And that detracts from the treatment and experience of people with a severe major depressive episode. ",1,0,"https://reddit.com/r/mentalhealth/comments/1swbv9z/if_your_depression_was_cured_by_just_going_to_the/oifcpmi/","mentalhealth"
"Comentario de evoLS7","I've been diagnosed with depression for over two decades, the gym is a supplement not a solution. Its factually backed up by science, so no, it's not bad advice it's just not the cure all.   All the things that make you depressed will still be there unless you change them.   Then the other issue is depression often puts you in a ""do nothing"" state with no energy. Which makes it more difficult to get the gym started. ",1,0,"https://reddit.com/r/mentalhealth/comments/1swbv9z/if_your_depression_was_cured_by_just_going_to_the/oiff8wv/","mentalhealth"
"Comentario de Unlucky_Lecture6554","Not pushing down your observation in any way, you are correct, there’s a big difference between ppl though, i’m depressed, and for me going to the gym helps A lot (not a cure by any means but it does help), BUT that said, i get where you’re coming from, it’s annoying as fck when people try to force their own experiencing on others as the only ”correct” way… Do whatever helps you, gaming, reading, just chilling in bed maybe?   And for what it’s worth, if you need to just vent, hmu, i don’t even need to respond if you don’t want, i’m a good listener! All the best",1,0,"https://reddit.com/r/mentalhealth/comments/1swbv9z/if_your_depression_was_cured_by_just_going_to_the/oiffe85/","mentalhealth"
"Comentario de No-Anxiety9488","If the depression is about how your body looks and feels then going to the gym will help eventually won't it",1,0,"https://reddit.com/r/mentalhealth/comments/1swbv9z/if_your_depression_was_cured_by_just_going_to_the/oiffs27/","mentalhealth"
"Comentario de geevaldes","Sorry that it didn't help you. For many it does, depends on the person and perspective of it all but depression is also chemical. So if you're in too deep and interventions like those don't work, medication is the way. I would not say if it works for someone, it doesn't mean they are depressed, that's really dismissive of their symptoms.",1,0,"https://reddit.com/r/mentalhealth/comments/1swbv9z/if_your_depression_was_cured_by_just_going_to_the/oifhqmf/","mentalhealth"
"Comentario de K_Boloney","Different things work for different people. You obviously don't react the same as some people do to exercise and sunlight and that's ok. ",1,0,"https://reddit.com/r/mentalhealth/comments/1swbv9z/if_your_depression_was_cured_by_just_going_to_the/oifk38a/","mentalhealth"
"Comentario de Enoyreveev0l","People here are disagreeing because people like to be argumentative but it’s true. Obviously it’s a spectrum everything can be boiled down to a “spectrum” if you wanted it to be. A lot of people mistake being sad because of their circumstances for depression…Not the same thing… It doesn’t magically leave because you got something you didn’t have before…Or because you get outside or because you got a partner. It’s there. No matter what. ",1,0,"https://reddit.com/r/mentalhealth/comments/1swbv9z/if_your_depression_was_cured_by_just_going_to_the/oiflmzt/","mentalhealth"
"Comentario de Ok_Book6135","It isn't that black and white, but I do agree that hitting the gym and working on diet and stuff is not a cure. Depression is not something that can be necessarily cured; only managed through things like therapy, meds, coping skills and/or lifestyle changes. And if the gym is something that people use to manage their mental illness, then more power to them",1,0,"https://reddit.com/r/mentalhealth/comments/1swbv9z/if_your_depression_was_cured_by_just_going_to_the/oifw9jq/","mentalhealth"
"Comentario de WolfsmaulVibes","stop comparing yourself to others with depression, most of the time for people that means downplaying the seriousness of your own depression but you are doing it to downplay others.  depression can literally be a biological cause of diet and vitamin defficiency and there is nothing wrong with that, every depression has unique causes and conditions some are chronic and some aren't. the main difference is that you can't accept that people who simply don't understand you exist, i also have to experience a fair share of stigma surrounding depression, even from people clinically diagnosed with depression, because our situations are just that different.",1,0,"https://reddit.com/r/mentalhealth/comments/1swbv9z/if_your_depression_was_cured_by_just_going_to_the/oifwe8n/","mentalhealth"
"Comentario de manicthinking","Seasonal depression is a thing my guy.",1,0,"https://reddit.com/r/mentalhealth/comments/1swbv9z/if_your_depression_was_cured_by_just_going_to_the/oifxkd4/","mentalhealth"
"Comentario de erisian2342","They don’t cure depression, but they can help when you’re coming out the other side. And they sure as hell help a thousand times more than writing a post trying to gate keep depression. What a pathetic thing to do. “You’re not as depressed as I am if X, Y, or Z helped you at any point.”    You should delete this worthless post.",1,0,"https://reddit.com/r/mentalhealth/comments/1swbv9z/if_your_depression_was_cured_by_just_going_to_the/oifxohs/","mentalhealth"
"Comentario de cryptikcupcake","*Maybe it’s Mania* or hypo mania lol",1,0,"https://reddit.com/r/mentalhealth/comments/1swbv9z/if_your_depression_was_cured_by_just_going_to_the/oifzegu/","mentalhealth"
"Comentario de Rosalie1778","Exactly",1,0,"https://reddit.com/r/mentalhealth/comments/1swbv9z/if_your_depression_was_cured_by_just_going_to_the/oifzi1r/","mentalhealth"
"Comentario de Ordinary-Eggplant784","For clarification, I am not saying my depression is more real because of its severity. I am not making it into a competition of who is most depressed. It is about the solution. People who were just sad will claim sunlight and gym fixed them, and will push that everyone who is depressed should just get out more, which is incredibly harmful and genuinely makes it worse for us. I dont think my depression is more sevre than anyone elses, I just think depression is not fixed by sunlight. Maybe it makes it slightly better for some, but it cannot be a cure for all.",1,0,"https://reddit.com/r/mentalhealth/comments/1swbv9z/if_your_depression_was_cured_by_just_going_to_the/oig059g/","mentalhealth"
"Comentario de slushiebrownie","I go to the gym everyday but I am literally so fucjing depressed",1,0,"https://reddit.com/r/mentalhealth/comments/1swbv9z/if_your_depression_was_cured_by_just_going_to_the/oig088z/","mentalhealth"
"Comentario de verner_will","Whatever helps people to get out of that situation in a positive way is good. For most of them apparently going into gym works. For you maybe sth else would work. That does not change anything in the fact that going into gym might help some people (i think it helps too)",1,0,"https://reddit.com/r/mentalhealth/comments/1swbv9z/if_your_depression_was_cured_by_just_going_to_the/oig3c55/","mentalhealth"
"Comentario de These-Singer-8835","Ok…",1,0,"https://reddit.com/r/mentalhealth/comments/1swbv9z/if_your_depression_was_cured_by_just_going_to_the/oig3exn/","mentalhealth"
"Comentario de Plane-Wing4094","Well everyone is different. Exercise and being outside does help me but it doesn’t solve everything.  Vitamin D, which you get from the sun, helps your physical well being but also your immune system and mental health, that’s not opinion it’s just fact, present day the general population in the US is vitamin D deficient because we all work inside, technology encourages us to stay inside.   The main thing I have found really helps my depression is a change in routine. Depression is odd bc you’re so uncomfortable, yet so comfortable in the misery. Depression loves knowing what’s going to happen, to loathe about the constants but shiver at the thought of changing it.   I was told once the key to life, is to get comfortable being uncomfortable. That has remained very true for me. But everyone is different so what you do to change up routines can be whatever you may desire, but a change of routine helps a lot ",1,0,"https://reddit.com/r/mentalhealth/comments/1swbv9z/if_your_depression_was_cured_by_just_going_to_the/oig42oa/","mentalhealth"
"Comentario de Conscious_Couple5959","I get sunlight and work out yet my self esteem is nonexistent after growing up autistic in an immigrant household filled with NT expectations to fill. ",1,0,"https://reddit.com/r/mentalhealth/comments/1swbv9z/if_your_depression_was_cured_by_just_going_to_the/oig4vue/","mentalhealth"
"Comentario de jazzymoneymaker","Science says different ",1,0,"https://reddit.com/r/mentalhealth/comments/1swbv9z/if_your_depression_was_cured_by_just_going_to_the/oig5vfh/","mentalhealth"
"Comentario de MeatlockerWargasm","If your depression was cured by divorcing your wife and losing half of everything, would you do it?  Be honest.",1,0,"https://reddit.com/r/mentalhealth/comments/1swbv9z/if_your_depression_was_cured_by_just_going_to_the/oig689n/","mentalhealth"
"Comentario de jimboswaggerman","I dare you to do that vs staying inside for the whole week. It might not ""cure"" depression but it's a better way to deal with it.",1,0,"https://reddit.com/r/mentalhealth/comments/1swbv9z/if_your_depression_was_cured_by_just_going_to_the/oig6t3r/","mentalhealth"
"Comentario de litforya","Your logic is flawed because those activies are not meant to be the cure. You know the saying depression can't hit a moving target? It's true. The more you move the less time you spend thinking / feeling it. Does that mean it's gone? No. ",1,0,"https://reddit.com/r/mentalhealth/comments/1swbv9z/if_your_depression_was_cured_by_just_going_to_the/oig7ciw/","mentalhealth"
"Comentario de Necessary-Name-3521","I literally go to the gym weekly (sometimes 2 or 3 times) and I also go outside EVERYDAY and depression still here :( it's so silly... like people saying this advice, sure it can help but won't heal ",1,0,"https://reddit.com/r/mentalhealth/comments/1swbv9z/if_your_depression_was_cured_by_just_going_to_the/oig8bz7/","mentalhealth"
"Comentario de Jcarlough","Not true at all.  Doing these two things *may* help someone with depression.  They may not.",1,0,"https://reddit.com/r/mentalhealth/comments/1swbv9z/if_your_depression_was_cured_by_just_going_to_the/oig8dbc/","mentalhealth"
"Comentario de Background_Bug_657","You’re still depressed if you can’t bring yourself to go get some sun. Depression can be circumstantial. It’s not about you. Gym bettered my depression. Didn’t cure it but working out is a great help for mental health… yeah you can still get suicidal thoughts but it’s a great step in the right direction. You issues are insecurity based here not depression based. ",1,0,"https://reddit.com/r/mentalhealth/comments/1swbv9z/if_your_depression_was_cured_by_just_going_to_the/oig9lnb/","mentalhealth"
"Comentario de TiredButReadytoRock","I'd also note that going to the gym isn't the only way to get exercise - in fact, depending on what's going through your mind it could make it worse if you tend to compare yourself to others or have social anxiety in top of that.  Finding what exercise actually brings you joy can be a huge game changer to not having the energy/motivation for it. I'm low-energy most days due to balancing ND burnout and depression with a full-time job, but recently took up kayaking and god I could spend hours paddling in the early sunlight of the morning just taking in the stillness of nature around me. Gyms can be so dull and repetitive, but there are studies that show that spending time in green spaces has a huge positive impact on mental health.",1,0,"https://reddit.com/r/mentalhealth/comments/1swbv9z/if_your_depression_was_cured_by_just_going_to_the/oigczc8/","mentalhealth"
"Comentario de louisacat10","Depression is not a contest, my OP in christ. Focus on your own journey rather than other people's. It saves you a lot of energy and mental headspace. ",1,0,"https://reddit.com/r/mentalhealth/comments/1swbv9z/if_your_depression_was_cured_by_just_going_to_the/oigdaz1/","mentalhealth"
"Comentario de BobRossSaves","It's not really that black and white. Maybe you feel better, on average, from a combination of things. Medication, therapy, gym. I personally think it's healthy to have a growth mindset.   Also this stuff is subjective. If someone ""cured"" themselves by going to the gym or whatever, it's true for that person.   Anyway to your point, one of the ""happiest"" dudes I ever met turned out to be really depressed. It sucks being that guy because it can make it hard for you to get help.",1,0,"https://reddit.com/r/mentalhealth/comments/1swbv9z/if_your_depression_was_cured_by_just_going_to_the/oige60x/","mentalhealth"
"Comentario de KidKo0l","Oh thank god, so I’m am depressed. Oh wait fuck. ",1,0,"https://reddit.com/r/mentalhealth/comments/1swbv9z/if_your_depression_was_cured_by_just_going_to_the/oigemos/","mentalhealth"
"Comentario de BabyPeach9600","I do feel a little better by going out and doing stuff but of course it doesn’t cure anything. The thoughts are all very much still there ",1,0,"https://reddit.com/r/mentalhealth/comments/1swbv9z/if_your_depression_was_cured_by_just_going_to_the/oigexbd/","mentalhealth"
"Comentario de zugissy69420","Going to the Gym and getting sunlight is good advice if we're being honest here. And How the hell can you reasonably call people ""really depressed""? If you think about it, people who've never been ""severely depressed"" (as you might be) have to use their less depressed experiences to share with others to relate to and maybe help them. We're all beings with a limited perspective sometimes, take that in consideration my G.",1,0,"https://reddit.com/r/mentalhealth/comments/1swbv9z/if_your_depression_was_cured_by_just_going_to_the/oigfea2/","mentalhealth"
"Comentario de Shohdef","You know depression can be caused by multiple (legitimate) reasons, right, OP? It is backed by science that a lack of sun exposure absolutely can lead to soul crushing depression. Or do you think people who experience Seasonal Depression are not depressed enough for you?",1,0,"https://reddit.com/r/mentalhealth/comments/1swbv9z/if_your_depression_was_cured_by_just_going_to_the/oigfo01/","mentalhealth"
"Comentario de ilovefroilets","Who are you to police what is depression and what is not? Especially based on coping mechanisms one has found to overcome depression",1,0,"https://reddit.com/r/mentalhealth/comments/1swbv9z/if_your_depression_was_cured_by_just_going_to_the/oigh9g5/","mentalhealth"
"Comentario de cruxinng","Spot on.   Having a severe heat wave for a single summer isn't equivalent to having full blown climate change.  Doesn't mean the heat wave isn't severe enuf or is  invalid nor is it a competition re what's worse, and it needs to be navigated with care too. But what worked for navigating through a single heat wave, may help climate change too but won't be enough in itself.",1,0,"https://reddit.com/r/mentalhealth/comments/1swbv9z/if_your_depression_was_cured_by_just_going_to_the/oigmo43/","mentalhealth"
"Comentario de cutyourmullet123","I had someone tell me “you know what they say about hitting a moving target” in regards to my mental health and I have almost never wanted to punch someone in the face more than that moment. ",1,0,"https://reddit.com/r/mentalhealth/comments/1swbv9z/if_your_depression_was_cured_by_just_going_to_the/oignfj5/","mentalhealth"
"Comentario de master_prizefighter","Mine isn't 100% cured but it's low enough due to medication.  The whole *gym and sunlight* isn't a one size fits all.    You want to *help* someone with mental health?  How about start by actually talking *and* listening to understand.  This alone will get some frustrations out.",1,0,"https://reddit.com/r/mentalhealth/comments/1swbv9z/if_your_depression_was_cured_by_just_going_to_the/oignj4m/","mentalhealth"
"Comentario de PixelsnInk","TL;DR: Healthy habits make achieving and maintaining a healthier mind more plausible, even with genuine depression.   Here's the thing though, most of the time, thats exactly why people say that. People who THINK they have some form of depression, often times don't have genuine depression.   Living with my wife, who has diagnosed depression, has shown me that exercise, sunlight and propper diet changes can be a powerful way to mitigate the symptoms of it.  I struggled with my own issues that I later realized weren't symptoms of actual depression but the way I lived and who I was around.   Having a little bit of perspective on both sides I feel I can safelt say a healthy body will always make maintaining a HEALTHIER mind possible and more achievable. ",1,0,"https://reddit.com/r/mentalhealth/comments/1swbv9z/if_your_depression_was_cured_by_just_going_to_the/oigtuuh/","mentalhealth"
"Comentario de bestkens","While I kinda see your point, I also kinda dont. No two people experience it the same. Okay, sure, some are less or more severe than others, but id argue that you diminishing their battle is also fairly damaging. People can also have high functioning depression, do all those things, appear outwardly fine, but still be in the depths of it inside. Just remember, its not a competition. Compassion and empathy go a lot further than anger and annoyance do, for both yourself, and those who you're annoyed at. ",1,0,"https://reddit.com/r/mentalhealth/comments/1swbv9z/if_your_depression_was_cured_by_just_going_to_the/oigvdz8/","mentalhealth"
"Comentario de MatildaRose1995","A walk with my dog in the sun does make me feel good but it takes a certain level of not being depressed to even be able to do that... when my depression is at it's worst I'm pretty much paralysised in bed. I agree with your title, it's frustrating that some people think it's so simple 😞",1,0,"https://reddit.com/r/mentalhealth/comments/1swbv9z/if_your_depression_was_cured_by_just_going_to_the/oigwjgc/","mentalhealth"
"Comentario de -missing_links-","You could argue this is the difference of situational depression vs. depression disorder. However I try not to be judgmental on anyone's suffering because it all sucks.   If your depression is because of a situation like mine was (heroin addicted mom, didn't have food, was neglected, put in dangerous situations, brother died of cancer, cousin killed himself all in that same timeframe) sure you can make it better through exercise. Exercise gives you better mental fortitude and makes your body handle stress better. I don't know how effective because I didn't try it. I was stuck in a loop of wanting to kill myself every single day and having panic attacks every single day for 16 years until I had hypnotherapy done to me. Through that I was able to let go of my past and move forward and cure the mental disorders.   Long winded way of saying situational depression doesn't suck any less than clinical. It is so painful, it effects your choices in life, it makes you sabotage opportunities/relationships just the same, etc. It fucking sucks until you find the thing you need to make it through it. ",1,0,"https://reddit.com/r/mentalhealth/comments/1swbv9z/if_your_depression_was_cured_by_just_going_to_the/oigyjs5/","mentalhealth"
"Comentario de goneimgone","Well I don’t know about everyone but a 10 to 15 minute walk most definitely makes me feel better. Even just a 5 minute spon outside. Obviously doesn’t fix everything but makes me feel better. You don’t need to try to better yourself to feel better, you can just do shit because you enjoy it. I’d say there needs to be purpose behind it. Walking 10 minutes to work isn’t the same for my mind as walking outside for 10 minutes because I want to.  Even if I lay around all day it’s fine. I’ve split my living so I don’t sleep, lay, and eat in the same spot. I hang out on the couch if I watch something, eat at the table, sleep in my bed, play and mess around on myvlaptop at my desk etc. Rather than eating in my bed, chilling in my bed, sleeping in my bed, taking my laptop to bed. Sometimes that’s fine too, but it feels a lot more purposeful than just laying in the same sweaty spot for 12 hours and switching sides.  Unironically what has made me feel better and healthier day to day has been just giving up on it. I’m not thinking about getting better, or blaming myself for not trying. I just try to eat well, sleep well and do things that make me feel good day to day, moment to moment.",1,0,"https://reddit.com/r/mentalhealth/comments/1swbv9z/if_your_depression_was_cured_by_just_going_to_the/oigylrh/","mentalhealth"
"Comentario de skimboardingguy","I believe there is truth to what the poster is saying. Dr. Phil says.. ""U cant fix a mental problem by doing something physical..and u cant fix a physical problem by doing something mental"" ..or something like that. ",1,0,"https://reddit.com/r/mentalhealth/comments/1swbv9z/if_your_depression_was_cured_by_just_going_to_the/oih025o/","mentalhealth"
"Comentario de Fresh-Werewolf9363","Some what agree but cant deny that it doesn’t help a bit? ",1,0,"https://reddit.com/r/mentalhealth/comments/1swbv9z/if_your_depression_was_cured_by_just_going_to_the/oih0pux/","mentalhealth"
"Comentario de spacefret","I live a peaceful, happy life. A bad day for me could be someone else's dream day.  It's perspective.",1,0,"https://reddit.com/r/mentalhealth/comments/1swbv9z/if_your_depression_was_cured_by_just_going_to_the/oih41az/","mentalhealth"
"Comentario de zuffhy","Depression has different causes, for some it really may just be their image of their body, and not getting enough sunlight (staying indoors to much), and fixing those two things may eventually cure them. It doesn't mean it wasn't depression just because they didn't need therapy or to make some radical change, it just means the root cause was fixed. Saying it's not real depression is just wrong, depression is a scale, and it comes in many forms. That being said, depression is not an acute form of sadness, it doesn't just come and go, and it usually isn't solved the next day so your right about that.",1,0,"https://reddit.com/r/mentalhealth/comments/1swbv9z/if_your_depression_was_cured_by_just_going_to_the/oih5brw/","mentalhealth"
"Comentario de MrsShakur_1","Mine is karma for actually telling people that.",1,0,"https://reddit.com/r/mentalhealth/comments/1swbv9z/if_your_depression_was_cured_by_just_going_to_the/oihb5cs/","mentalhealth"
"Comentario de psychxticrose","That's not true, many people can have depression based on circumstances or environment. Mental illnesses are a spectrum. One person can have mild depression and it's *still* depression. A person can be depressed only in the winter and it's *still* depression. Suffering isn't a competition. ",1,0,"https://reddit.com/r/mentalhealth/comments/1swbv9z/if_your_depression_was_cured_by_just_going_to_the/oihddt4/","mentalhealth"
"Comentario de LordTwinkie","Going to the gym and going outside getting sunlight can alleviate  symptoms of depression though. A lot of research has shown it. ",1,0,"https://reddit.com/r/mentalhealth/comments/1swbv9z/if_your_depression_was_cured_by_just_going_to_the/oihhz5d/","mentalhealth"
"Comentario de CrazyAd9384","Agree with this.",1,0,"https://reddit.com/r/mentalhealth/comments/1swbv9z/if_your_depression_was_cured_by_just_going_to_the/oihi1mb/","mentalhealth"
"Comentario de CrazyAd9384","Agree with this. for me i have been taking paroxetine for 2 years. doing a keto diet and working out. though compared to before, i'm way better now. but in all honesty, i'm not 100% ok. I have been on a lower dose for 6 months at 10mg from 20mg. i'm really tapering it super slow. all this is not 100% sure i am totally ok once i stopped my meds. but i'm hoping i will finally be freed from this prison.",1,0,"https://reddit.com/r/mentalhealth/comments/1swbv9z/if_your_depression_was_cured_by_just_going_to_the/oihih4v/","mentalhealth"
"Comentario de OtherTon","Some people who are bipolar will think that some random thing they did cured their depression when really they’re just cycling out of it but they sure are really actually depressed. ",1,0,"https://reddit.com/r/mentalhealth/comments/1swbv9z/if_your_depression_was_cured_by_just_going_to_the/oihk53a/","mentalhealth"
"Comentario de A_RainbowShaped_Pool","While, yes, depression isn't like the flu you can't really cure it simply, it's also important to recognize that not everyone experiences depression the same, and that things such as exercise and time outside have objectively positive impacts on the process of neurotransmission with regards to depression.  So I think this is more of a ""many but not all"" situation.",1,0,"https://reddit.com/r/mentalhealth/comments/1swbv9z/if_your_depression_was_cured_by_just_going_to_the/oihmd2x/","mentalhealth"
"Comentario de Time_RedactedLady","Spending time in nature did make me feel a bit better but no way does it cure anything. ",1,0,"https://reddit.com/r/mentalhealth/comments/1swbv9z/if_your_depression_was_cured_by_just_going_to_the/oihmxip/","mentalhealth"
"Comentario de TheGOODSh-tCo","I disagree, having Seasonal Affective  Disorder is caused by lack of sunlight and being outdoors. Everyone is not the same, and this is a judgy, lazy take.   Yes you’re depressed. But you have to take action at some point or you’ll stay that way. There are routes out of it. ",1,0,"https://reddit.com/r/mentalhealth/comments/1swbv9z/if_your_depression_was_cured_by_just_going_to_the/oihn5i0/","mentalhealth"
"Comentario de Tiny_Therapist","The shitty thing about depression, is there isn’t really a behavioral cure. If you weren’t doing all those things, you would feel worse. By taking care of yourself, you are reducing the severity and longevity of the episode. ",1,0,"https://reddit.com/r/mentalhealth/comments/1swbv9z/if_your_depression_was_cured_by_just_going_to_the/oihpfu3/","mentalhealth"
"Comentario de Bulky_Ambition3675","I think the invalidating anyones feelings of depression because you don't feel like it lives up to your own personal cookie cutter standards is a slap in the face to them. They found their own way to deal with it. Just because it didn't work for you doesn't mean it doesn't work. You just have to work at it differently.",1,0,"https://reddit.com/r/mentalhealth/comments/1swbv9z/if_your_depression_was_cured_by_just_going_to_the/oihq6qw/","mentalhealth"
"Comentario de evergreen-spacecat","They are decent advice to get back to life after a depression or perhaps to keep you from falling too deep. Many people do get slightly depressed and might get on track by just meeting some nice people or from that good feeling after doing workout for some time or by just taking some walks in the nature.  To cure a serious depression, hell no. A serious depression is not in the same ball park as people “feeling a bit low”.  I guess this is not known to a general audience",1,0,"https://reddit.com/r/mentalhealth/comments/1swbv9z/if_your_depression_was_cured_by_just_going_to_the/oihrico/","mentalhealth"
"Comentario de owp4dd1w5a0a","Exercise is well researched as one of the most reliable and effective treatments for real depression.   It’s also well known that there’s different underlying causes of depression and depending on that exercise might not be the treatment you need or the only treatment you need.  There are other treatments as well that could be part of the puzzle for you. None of this undermines the real depression others have for whom exercise and sunlight prove to be very effective treatments. ",1,0,"https://reddit.com/r/mentalhealth/comments/1swbv9z/if_your_depression_was_cured_by_just_going_to_the/oihvifa/","mentalhealth"